ano;produto;num_operacoes;valor
2013;soja;175076;15785065346.82
2013;milho;198521;7532522363.71
2013;café;107322;4726700902.76
2013;cana-de-açucar;17112;3718873851.02
2013;arroz;15261;1767360735.16
2013;algodão;1019;1717666092.90
2013;trigo;40166;1713561854.12
2013;laranja;5318;917856561.96
2013;madeira;1305;534431616.43
2013;fumo;144046;532058230.70
2013;feijão;13998;528500598.34
2013;mandioca (aipim, macaxeira);20195;381557617.69
2013;batata-inglesa;1988;346889025.21
2013;uva;7184;271196234.47
2013;tomate;5976;235746360.18
2013;maçã;2117;200723667.90
2013;outras lavouras;1250;179932886.97
2013;cebola;6433;173200645.42
2013;banana;3799;140735721.27
2013;abacaxi;3401;103532835.33
2013;aveia;1821;99072664.80
2013;alho;1027;93491003.79
2013;cevada;1189;67884296.92
2013;flores;479;64455315.42
2013;manga;626;63193810.35
2013;amendoim;279;56729837.24
2013;sorgo;491;56031583.32
2013;seringueira;510;50213000.45
2013;mamão;382;49007613.69
2013;morango;2235;47796831.83
2013;cenoura;636;45231650.75
2013;melancia;1090;37768953.17
2013;pêssego;1208;29792155.19
2013;tangerina;1208;29311614.56
2013;limão;911;28827832.77
2013;alface;1512;27692086.35
2013;inhame;2090;23212516.55
2013;maracujá;1269;21610375.96
2013;pimentão;1526;21566563.06
2013;cacau;818;20962692.00
2013;caqui;358;18236527.11
2013;cogumelo;127;17266958.98
2013;canola;476;16155216.02
2013;beterraba;776;15947036.89
2013;coco;250;14992861.36
2013;mandioquinha (batata: baroa, salsa, aipo);644;14663484.14
2013;ameixa;532;13754733.93
2013;goiaba;416;13337021.90
2013;erva-mate;959;13330820.15
2013;abóbora-moranga;890;13148008.51
2013;cará;306;11489016.94
2013;pimenta-do-reino;322;10124095.79
2013;capim;122;9981748.44
2013;plantas ornamentais;148;9739404.17
2013;quiabo;823;9422713.71
2013;melão;135;7736778.32
2013;grama;59;7659652.75
2013;batata-doce;604;7649162.18
2013;repolho;665;6925365.90
2013;chuchu;457;6808690.59
2013;carnaúba;94;6679011.84
2013;abacate;99;6452142.43
2013;couve-flor;545;6077910.46
2013;caju;583;5990899.33
2013;brócolos (brócolis);447;5852745.62
2013;girassol;38;5707047.54
2013;crisântemo;56;5556878.94
2013;pepino;552;5436842.48
2013;alfafa;183;5005845.78
2013;figo;113;4314273.74
2013;hortaliças;246;3865077.64
2013;frutas diversas n. e.;72;3693157.56
2013;pupunha;74;3677137.46
2013;berinjela;189;3551101.74
2013;jiló;218;3103192.00
2013;acerola;108;2877960.03
2013;abobrinha;239;2430985.91
2013;pera;49;2400682.48
2013;açaí;181;2201932.80
2013;gengibre;240;2185801.10
2013;vagem;150;1978673.02
2013;urucum;107;1949062.40
2013;nectarina;124;1943515.52
2013;dendê;61;1761220.15
2013;pimenta;84;1542381.65
2013;cebolinha verde;125;1411851.20
2013;azevem;14;1327373.14
2013;painço;80;1115997.86
2013;guaraná;99;1107726.98
2013;quiuí (kiwi);32;1089109.58
2013;rúcula;39;1045369.10
2013;palmeira;43;1000409.77
2013;couve;95;895276.50
2013;triticale;21;868253.96
2013;pinha (ata, fruta-do-conde, anona);19;856011.52
2013;açafrão;18;742462.60
2013;linho;14;611132.34
2013;vime;42;598150.78
2013;coentro;25;529745.06
2013;atemoia;4;528480.34
2013;agrião;27;494951.14
2013;cupuaçu;39;485048.14
2013;salsa;70;450582.89
2013;lichia (lechia);10;447063.54
2013;bucha vegetal;43;435485.95
2013;noz;3;431287.61
2013;jabuticaba;3;335923.82
2013;carambola;10;283497.92
2013;malva;25;245822.26
2013;amora;26;238120.64
2013;alcachofra;6;213837.65
2013;milheto;7;197868.07
2013;guariroba;6;175456.97
2013;lima;13;157400.93
2013;porongo (cuia,cabaça);12;153349.46
2013;cravo;21;151306.46
2013;ervilha;8;116827.19
2013;castanha-do-brasil;10;93161.70
2013;oliva (azeitona);1;92800.00
2013;gergelim;5;80989.63
2013;graviola;8;78312.94
2013;rabanete;3;77022.03
2013;juta;8;63122.17
2013;acelga;5;42761.39
2013;maxixe;4;34385.83
2013;espinafre;11;33111.41
2013;chicoria;7;30966.70
2013;centeio;3;21695.00
2013;nespera;1;16540.00
2013;mamona;2;11159.54
2013;almeirão;1;10615.35
2013;escarola;1;5814.00
2013;murici;1;2499.00
2013;agave (sisal);1;1883.40
2013;curauá;1;1590.87
2014;soja;186944;20406011443.18
2014;milho;181637;8140782915.52
2014;café;96685;4682094996.83
2014;cana-de-açucar;16422;3908969538.46
2014;trigo;52852;2540469636.46
2014;algodão;1039;2085183413.90
2014;arroz;15212;2085102829.39
2014;laranja;4653;949971515.33
2014;madeira;1514;892039185.77
2014;fumo;128631;511853304.56
2014;feijão;12365;491364845.48
2014;batata-inglesa;2122;462159016.15
2014;mandioca (aipim, macaxeira);19798;418306048.14
2014;tomate;5983;293464893.78
2014;uva;6942;286064530.56
2014;maçã;2087;229123366.83
2014;cebola;6351;198795682.44
2014;outras lavouras;1567;182353515.46
2014;banana;3667;146411879.89
2014;alho;1076;124593012.95
2014;abacaxi;3438;119937279.73
2014;aveia;1611;108356368.42
2014;seringueira;705;87787243.69
2014;flores;499;81201577.13
2014;amendoim;349;75763738.93
2014;cevada;1166;71924248.03
2014;cenoura;647;63459468.13
2014;manga;780;59302853.20
2014;morango;2212;52742537.23
2014;sorgo;482;44031109.23
2014;mamão;287;43296630.77
2014;melancia;1075;36148860.90
2014;pêssego;1217;34892798.45
2014;tangerina;1133;34180084.87
2014;alface;1699;34044492.24
2014;limão;836;30407194.94
2014;cacau;991;25370285.39
2014;inhame;1923;24766572.12
2014;pimentão;1388;22930200.38
2014;beterraba;768;22428642.81
2014;canola;542;20519712.95
2014;maracujá;1108;19209311.39
2014;cogumelo;155;19191452.65
2014;caqui;363;18423318.19
2014;abóbora-moranga;902;17442318.38
2014;mandioquinha (batata: baroa, salsa, aipo);680;17227265.36
2014;coco;309;15971005.28
2014;ameixa;573;15563650.80
2014;goiaba;416;15233590.49
2014;erva-mate;1058;15037419.60
2014;cará;315;13997023.54
2014;capim;141;13986549.72
2014;girassol;38;11863567.74
2014;pimenta-do-reino;384;11485363.06
2014;grama;63;10211238.86
2014;repolho;775;9711632.31
2014;melão;109;9246095.55
2014;quiabo;705;9001178.07
2014;couve-flor;572;8358918.98
2014;plantas ornamentais;132;7889073.02
2014;brócolos (brócolis);560;7747398.41
2014;chuchu;435;6953200.42
2014;batata-doce;570;6819119.58
2014;abacate;109;6506803.77
2014;alfafa;169;6332445.69
2014;caju;524;5960707.54
2014;figo;122;5857527.52
2014;berinjela;223;5671704.62
2014;pepino;522;5548678.99
2014;carnaúba;50;5255745.03
2014;crisântemo;48;3852593.98
2014;acerola;130;3623040.80
2014;dendê;60;3397086.86
2014;abobrinha;272;3088619.51
2014;jiló;194;3007373.02
2014;pera;54;2941258.84
2014;açaí;145;2900371.69
2014;hortaliças;180;2735028.25
2014;gengibre;222;2662593.79
2014;urucum;120;2606168.93
2014;pupunha;67;2557409.11
2014;nectarina;133;2251956.08
2014;cebolinha verde;124;1957896.17
2014;atemoia;22;1896451.14
2014;pimenta;82;1868352.91
2014;vagem;133;1620815.42
2014;noz;19;1526696.06
2014;couve;142;1386245.66
2014;pinha (ata, fruta-do-conde, anona);14;1379039.92
2014;frutas diversas n. e.;28;1336086.87
2014;rúcula;40;1308147.00
2014;painço;88;1073494.13
2014;palmeira;44;1067627.83
2014;triticale;27;1064287.09
2014;açafrão;21;1005692.52
2014;quiuí (kiwi);34;994978.94
2014;azevem;17;992510.58
2014;salsa;82;904544.20
2014;lichia (lechia);14;888412.83
2014;gergelim;12;858155.58
2014;vime;54;772919.68
2014;linho;18;724622.90
2014;coentro;54;700209.48
2014;oliva (azeitona);7;599426.92
2014;alcachofra;8;566141.20
2014;bucha vegetal;41;542271.75
2014;jabuticaba;5;446219.24
2014;agrião;37;386618.30
2014;lima;15;284547.94
2014;guariroba;8;255657.81
2014;guaraná;30;249620.59
2014;graviola;10;248923.81
2014;amora;32;246602.31
2014;cravo;26;192791.41
2014;centeio;4;191138.95
2014;carambola;8;163952.30
2014;nespera;3;114165.36
2014;espinafre;24;104267.09
2014;porongo (cuia,cabaça);2;78899.67
2014;rabanete;2;78248.49
2014;acelga;7;77230.49
2014;milheto;3;67525.76
2014;pitaya;2;58988.22
2014;ervilha;4;58890.59
2014;cupuaçu;8;56933.92
2014;maxixe;10;56023.84
2014;chicoria;8;48433.74
2014;mangaba;1;44707.06
2014;agave (sisal);4;33504.86
2014;camapu (physalis);1;30000.00
2014;lúpulo;1;29274.00
2014;framboesa;1;21776.00
2014;romã;1;16201.72
2014;almeirão;1;11377.85
2014;mamona;1;5895.17
2014;malva;1;5863.45
2014;castanha-do-brasil;2;5000.00
2015;soja;185545;21545169568.70
2015;milho;156558;8104399760.93
2015;café;93471;5284016328.51
2015;cana-de-açucar;15174;3902918014.60
2015;arroz;13041;2096033955.02
2015;trigo;42530;1969891149.07
2015;algodão;661;1608573865.00
2015;laranja;3867;719733462.37
2015;batata-inglesa;2092;559656449.91
2015;feijão;10771;465571233.54
2015;fumo;89344;402601864.98
2015;madeira;1485;297592924.21
2015;tomate;5400;258605127.71
2015;uva;6402;258438161.92
2015;cebola;6250;240788181.07
2015;mandioca (aipim, macaxeira);12503;236550943.54
2015;maçã;2153;231828124.81
2015;outras lavouras;1370;179143343.80
2015;banana;3341;160550170.53
2015;aveia;2337;137942993.38
2015;alho;1008;127923563.47
2015;abacaxi;2580;110084187.92
2015;cenoura;679;95574570.16
2015;amendoim;368;83378208.65
2015;flores;484;82426636.19
2015;cevada;1308;77891417.06
2015;seringueira;673;77887472.29
2015;morango;2091;56746390.27
2015;manga;729;50985761.93
2015;mamão;286;44967665.78
2015;pêssego;1310;43826705.61
2015;sorgo;355;39824371.65
2015;melancia;848;39333831.87
2015;alface;1586;36913693.65
2015;tangerina;1052;36656700.13
2015;limão;792;31406487.56
2015;inhame;1825;26483860.52
2015;cacau;802;26474390.81
2015;pimentão;1343;23990122.81
2015;canola;579;23552165.51
2015;coco;222;21380477.92
2015;beterraba;631;21234516.49
2015;erva-mate;1233;20605611.39
2015;caqui;349;19422344.47
2015;ameixa;633;19262854.33
2015;capim;163;18366452.15
2015;abóbora-moranga;898;18272430.94
2015;cogumelo;127;18100843.97
2015;goiaba;382;18033466.18
2015;maracujá;810;17422770.70
2015;mandioquinha (batata: baroa, salsa, aipo);704;17258068.81
2015;pimenta-do-reino;495;16166785.04
2015;grama;70;14287689.32
2015;cará;310;13820546.55
2015;plantas ornamentais;124;10663850.06
2015;repolho;700;10261391.55
2015;batata-doce;559;10098258.88
2015;brócolos (brócolis);611;9132677.07
2015;abacate;114;8817117.52
2015;melão;98;8133524.31
2015;chuchu;422;8112988.02
2015;quiabo;579;7836879.69
2015;couve-flor;484;7360181.97
2015;carnaúba;45;5976716.32
2015;dendê;50;5743365.21
2015;pepino;445;5509643.27
2015;caju;526;5440056.43
2015;noz;22;5329078.10
2015;figo;116;5181233.60
2015;alfafa;151;4704975.97
2015;berinjela;157;4409335.23
2015;girassol;34;4275682.28
2015;azevem;23;4176390.82
2015;pupunha;97;3989183.76
2015;gengibre;256;3958383.22
2015;crisântemo;35;3719605.93
2015;hortaliças;200;3372113.28
2015;jiló;214;3315994.69
2015;acerola;95;2684750.60
2015;abobrinha;221;2592769.98
2015;açaí;121;2590153.14
2015;nectarina;126;2521535.76
2015;atemoia;34;2511702.75
2015;urucum;114;2463144.05
2015;pimenta;58;2195214.61
2015;pera;62;1837360.59
2015;triticale;31;1807169.12
2015;vagem;108;1741941.98
2015;couve;150;1723449.81
2015;cebolinha verde;103;1691715.11
2015;coentro;70;1615364.79
2015;rúcula;45;1398300.08
2015;palmeira;47;1370170.95
2015;linho;20;1052884.71
2015;vime;69;959852.43
2015;salsa;65;945607.42
2015;açafrão;30;888516.84
2015;quiuí (kiwi);28;874042.32
2015;lichia (lechia);17;703722.88
2015;bucha vegetal;34;697501.39
2015;oliva (azeitona);5;692675.75
2015;pinha (ata, fruta-do-conde, anona);19;619073.64
2015;florestamento e reflorestamento;1;500000.00
2015;painço;29;480152.63
2015;carambola;15;472328.05
2015;alcachofra;8;443074.64
2015;gergelim;4;395721.08
2015;centeio;7;394406.23
2015;guariroba;10;387949.40
2015;nespera;4;293865.19
2015;amora;35;270211.56
2015;agrião;17;244230.09
2015;jabuticaba;4;243280.12
2015;lima;8;240447.66
2015;guaraná;35;204922.09
2015;milheto;4;161752.69
2015;frutas diversas n. e.;11;160678.90
2015;graviola;5;146289.24
2015;ervilha;3;132544.06
2015;cravo;19;123131.02
2015;porongo (cuia,cabaça);6;114952.84
2015;coco-da-baia;2;109991.00
2015;rabanete;2;104502.14
2015;chicoria;4;76534.45
2015;maxixe;5;58507.42
2015;pitaya;2;55574.47
2015;mirtilo;4;55019.50
2015;mangaba;1;44707.06
2015;espinafre;8;44451.87
2015;framboesa;1;25054.00
2015;acelga;1;24499.99
2015;cupuaçu;3;19775.60
2015;almeirão;2;13047.32
2015;camapu (physalis);1;10000.00
2015;agave (sisal);2;5686.83
2016;soja;146320;15263559303.92
2016;milho;149309;8359831157.38
2016;café;59644;3838963949.00
2016;cana-de-açucar;10939;3730024274.98
2016;arroz;9458;1429956173.67
2016;algodão;447;1340846996.42
2016;trigo;15935;985618202.22
2016;laranja;2474;572437412.51
2016;feijão;9167;422592664.02
2016;fumo;75013;418674203.46
2016;batata-inglesa;1595;417311519.23
2016;madeira;1055;370137504.08
2016;maçã;1763;315645127.43
2016;tomate;3879;210551677.29
2016;mandioca (aipim, macaxeira);6867;200252298.50
2016;uva;5113;163091767.43
2016;cebola;2732;127620658.80
2016;banana;2013;113156513.85
2016;aveia;1616;110503038.52
2016;outras lavouras;751;109550875.55
2016;alho;498;82378710.34
2016;flores;321;76724919.82
2016;cenoura;471;64903813.33
2016;abacaxi;1078;63513498.49
2016;amendoim;223;62645466.04
2016;seringueira;459;61926077.89
2016;sorgo;429;46311523.05
2016;tangerina;820;35347806.96
2016;manga;336;34098778.03
2016;pêssego;1004;33397048.13
2016;cevada;793;31709217.99
2016;morango;1036;30639058.68
2016;melancia;510;29976765.94
2016;mamão;163;28249532.95
2016;alface;996;25436407.46
2016;limão;430;23013506.07
2016;erva-mate;1144;20891478.85
2016;beterraba;506;20816836.42
2016;canola;432;19137844.27
2016;caqui;343;18697047.03
2016;pimentão;845;16535370.23
2016;cacau;495;16402946.80
2016;pimenta-do-reino;355;15257648.21
2016;goiaba;268;15143032.84
2016;ameixa;502;14917756.84
2016;abóbora-moranga;739;14787244.46
2016;inhame;823;13933828.12
2016;mandioquinha (batata: baroa, salsa, aipo);492;13613868.30
2016;cogumelo;91;12662478.85
2016;repolho;652;12562873.24
2016;cará;227;12403445.85
2016;capim;75;11913638.93
2016;melão;75;11063813.82
2016;grama;48;11059971.00
2016;batata-doce;431;10243324.82
2016;maracujá;435;8936202.35
2016;frutas diversas n. e.;80;8689139.06
2016;coco;96;7962886.20
2016;brócolos (brócolis);396;7559688.07
2016;plantas ornamentais;74;7259673.16
2016;couve-flor;343;6397514.16
2016;chuchu;302;5900700.21
2016;abacate;73;4914861.48
2016;quiabo;329;4905402.82
2016;figo;80;4319772.98
2016;berinjela;127;4269244.03
2016;crisântemo;30;4235788.43
2016;azevem;21;4187795.16
2016;pepino;302;3987710.50
2016;hortaliças;164;3631597.10
2016;gengibre;196;3606386.49
2016;pera;55;3401263.15
2016;caju;258;3144553.89
2016;abobrinha;152;3033884.39
2016;urucum;83;2520239.84
2016;alfafa;97;2342589.02
2016;açaí;40;2023040.96
2016;atemoia;25;1980968.93
2016;dendê;15;1970143.37
2016;jiló;126;1959843.68
2016;cebolinha verde;106;1923229.42
2016;acerola;51;1857927.74
2016;salsa;68;1677349.09
2016;florestamento e reflorestamento;4;1623360.00
2016;noz;12;1554752.55
2016;pupunha;42;1459414.68
2016;nectarina;74;1416887.87
2016;vagem;73;1277601.81
2016;palmeira;29;1211096.28
2016;rúcula;41;1142565.70
2016;triticale;14;1099161.83
2016;coentro;36;1078388.09
2016;couve;80;1026330.34
2016;vime;73;1009380.70
2016;oliva (azeitona);6;943633.92
2016;quiuí (kiwi);24;856286.03
2016;girassol;10;840006.71
2016;linho;10;785594.26
2016;cupuaçu;11;771393.01
2016;carnaúba;13;756524.22
2016;pinha (ata, fruta-do-conde, anona);17;703014.27
2016;açafrão;10;665136.91
2016;bucha vegetal;24;524222.75
2016;agrião;19;430812.39
2016;alcachofra;6;392890.07
2016;pimenta;23;371192.52
2016;amora;28;340256.16
2016;lichia (lechia);10;287024.16
2016;mirtilo;4;268486.98
2016;guariroba;6;255334.63
2016;lima;2;166509.78
2016;rabanete;3;141594.55
2016;carambola;6;137579.36
2016;painço;10;125068.05
2016;gergelim;1;120945.00
2016;guaraná;16;84890.00
2016;erva cidreira (melissa);3;77720.00
2016;espinafre;9;68777.00
2016;centeio;1;67800.00
2016;agave (sisal);2;65936.00
2016;coco-da-baia;2;63625.00
2016;graviola;2;60680.88
2016;porongo (cuia,cabaça);2;56015.79
2016;cravo;9;54593.69
2016;cravo-da-índia;7;39232.08
2016;alho poró;1;28000.00
2016;framboesa;1;26481.06
2016;chicoria;2;23813.23
2016;pitaya;1;22097.21
2016;nespera;1;21094.40
2016;milheto;1;18360.00
2016;marmelo;1;10000.00
2016;acelga;1;9710.40
2016;almeirão;2;6380.26
2016;nabo;1;3900.00
2017;soja;169368;26032809734.30
2017;milho;128382;9046697574.93
2017;café;68096;5213463589.78
2017;cana-de-açucar;10007;3711600808.12
2017;arroz;10152;2127485096.73
2017;algodão;664;1633732248.46
2017;trigo;30798;1514507146.21
2017;laranja;2708;859730465.60
2017;aquisição de insumos;3972;836836640.25
2017;feijão;10281;675338465.49
2017;batata-inglesa;1564;568480327.93
2017;fumo;77836;409011487.81
2017;maçã;1846;275335370.80
2017;cebola;5254;271302599.49
2017;uva;5571;264724421.50
2017;mandioca (aipim, macaxeira);7877;260622978.18
2017;tomate;4184;253052026.89
2017;alho;976;207484567.45
2017;aveia;3259;194990774.66
2017;banana;2644;164767577.91
2017;madeira;532;162650240.49
2017;cevada;2239;132260549.63
2017;outras lavouras;475;107426819.29
2017;amendoim;317;103499931.46
2017;abacaxi;1704;89541681.44
2017;flores;496;84522518.81
2017;cenoura;403;78205684.00
2017;capim;270;72003412.23
2017;seringueira;479;69676316.84
2017;manga;496;66433400.22
2017;sorgo;585;64325891.75
2017;morango;1627;51134728.55
2017;pêssego;1251;48098609.85
2017;mamão;167;46660092.05
2017;alface;1310;45220944.11
2017;melancia;545;42997258.57
2017;limão;572;41348401.79
2017;melão;100;39369989.67
2017;tangerina;951;37106974.67
2017;canola;916;34384540.17
2017;grama;81;29806731.24
2017;goiaba;327;27327675.87
2017;repolho;643;26562053.29
2017;cacau;624;25790418.52
2017;ameixa;646;24113910.51
2017;caqui;341;23345981.26
2017;beterraba;491;21417969.42
2017;mandioquinha (batata: baroa, salsa, aipo);656;19882798.69
2017;erva-mate;989;19683959.61
2017;inhame;999;19419659.62
2017;pimentão;917;18858932.79
2017;pimenta-do-reino;408;17572298.45
2017;cogumelo;125;15047066.97
2017;plantas ornamentais;160;14367742.99
2017;abóbora-moranga;509;13697044.68
2017;coco;153;13084191.15
2017;maracujá;500;12774337.09
2017;brócolos (brócolis);611;11548618.33
2017;abacate;91;11143945.47
2017;girassol;22;9755049.05
2017;dendê;17;9238225.81
2017;chuchu;405;9070668.64
2017;cará;178;8320362.31
2017;batata-doce;388;8291549.96
2017;frutas diversas n. e.;48;7164051.07
2017;couve-flor;414;6619294.05
2017;quiabo;381;5931966.20
2017;azevem;24;5501948.38
2017;gengibre;277;5258618.38
2017;pepino;321;4611274.90
2017;carnaúba;35;4589729.08
2017;figo;75;4478718.75
2017;caju;320;4290504.05
2017;pastagem;15;4141410.84
2017;alfafa;84;3533650.91
2017;pera;68;3451594.76
2017;urucum;88;3213091.02
2017;crisântemo;39;3012508.22
2017;açaí;112;2965641.94
2017;abobrinha;177;2828696.14
2017;rúcula;53;2703583.10
2017;atemoia;37;2654111.50
2017;couve;121;2510998.39
2017;coentro;41;2446173.28
2017;nectarina;122;2445153.49
2017;noz;18;2129834.96
2017;jiló;160;2111544.75
2017;berinjela;99;2105721.30
2017;hortaliças;54;2045221.01
2017;triticale;26;1996439.45
2017;cebolinha verde;76;1889107.38
2017;painço;88;1640919.00
2017;pupunha;54;1635160.52
2017;palmeira;42;1610218.68
2017;salsa;69;1513697.19
2017;vime;79;1463240.95
2017;acerola;56;1385855.16
2017;milheto;1;1200000.00
2017;linho;21;1185034.98
2017;vagem;73;1119721.73
2017;pimenta;46;985642.84
2017;oliva (azeitona);7;985342.99
2017;gergelim;7;935753.88
2017;açafrão;14;820120.16
2017;alcachofra;9;769665.48
2017;graviola;26;661128.96
2017;quiuí (kiwi);19;656032.85
2017;lichia (lechia);11;626170.11
2017;centeio;12;489649.71
2017;bucha vegetal;17;445373.32
2017;pinha (ata, fruta-do-conde, anona);14;419781.72
2017;lima;3;354353.81
2017;jabuticaba;4;333528.15
2017;agrião;21;316086.68
2017;amora;19;287493.62
2017;guariroba;5;284516.12
2017;estilosantes;1;275543.85
2017;florestamento e reflorestamento;2;249000.00
2017;nespera;4;194891.26
2017;alho poró;5;176923.85
2017;carambola;6;175349.61
2017;coco-da-baia;1;150000.00
2017;erva cidreira (melissa);2;140086.80
2017;pitaya;7;136734.17
2017;aipo;2;98722.71
2017;porongo (cuia,cabaça);7;91920.56
2017;espinafre;14;89070.13
2017;acelga;2;79931.82
2017;cravo;6;47464.73
2017;maxixe;1;46320.90
2017;ervilha;1;43799.61
2017;rabanete;2;38000.00
2017;cedro;1;30000.00
2017;nabo;1;25000.00
2017;chicoria;2;21823.22
2017;mirtilo;1;19840.06
2017;hortaliça ora-pro-nóbis;1;17147.36
2017;tanino;1;15800.00
2017;framboesa;1;4485.00
2017;almeirão;1;545.16
2018;soja;157374;28586552315.11
2018;milho;121681;10061136848.32
2018;café;61887;5358820184.41
2018;cana-de-açucar;9371;3161097927.24
2018;arroz;8686;1989005887.20
2018;algodão;779;1929981165.56
2018;trigo;30502;1523856748.34
2018;laranja;2827;797612862.48
2018;batata-inglesa;1416;557198613.44
2018;fumo;88836;483595015.24
2018;feijão;6738;479073270.63
2018;cebola;4918;287329307.72
2018;mandioca (aipim, macaxeira);6369;285925199.41
2018;tomate;3556;273655413.90
2018;uva;4961;270544679.04
2018;alho;859;266143193.41
2018;maçã;1692;261137735.18
2018;banana;2373;182944569.91
2018;aveia;2926;169201151.55
2018;amendoim;299;131374567.56
2018;flores;475;121093518.62
2018;capim;449;116768298.71
2018;sorgo;818;110226476.01
2018;cevada;1007;93167075.27
2018;cenoura;386;90002145.93
2018;seringueira;515;80862995.21
2018;abacaxi;1200;70984974.10
2018;manga;415;68366410.32
2018;limão;627;54175152.80
2018;mamão;148;52174129.13
2018;tangerina;985;50825737.80
2018;morango;1444;46071620.49
2018;pêssego;1132;45381041.71
2018;outras lavouras;193;40708731.78
2018;melancia;436;40575957.01
2018;alface;998;37115393.82
2018;beterraba;531;31918502.06
2018;coco;145;29186456.21
2018;melão;84;25147144.86
2018;cacau;461;24563123.33
2018;caqui;340;22823791.22
2018;ameixa;612;22080023.36
2018;canola;576;21370272.67
2018;grama;86;21141457.57
2018;goiaba;303;20970442.05
2018;pimentão;878;20628409.63
2018;madeira;51;20334897.59
2018;erva-mate;849;18389160.09
2018;inhame;906;18022804.22
2018;pimenta-do-reino;351;17926434.94
2018;mandioquinha (batata: baroa, salsa, aipo);493;16758453.01
2018;cogumelo;100;16467465.04
2018;brócolos (brócolis);665;15440354.28
2018;repolho;531;15250647.94
2018;dendê;26;15165795.75
2018;plantas ornamentais;154;14437408.11
2018;abacate;106;12928764.13
2018;abóbora-moranga;456;11222945.50
2018;maracujá;414;10326390.08
2018;frutas diversas n. e.;47;9951801.55
2018;batata-doce;328;9546877.99
2018;chuchu;369;8785789.34
2018;crisântemo;26;7998488.24
2018;couve-flor;405;7665583.23
2018;cará;146;6963385.90
2018;gengibre;282;6021267.62
2018;gergelim;22;5468658.07
2018;azevem;29;5238422.56
2018;quiabo;322;5059310.94
2018;eucalipto;63;4764403.43
2018;pepino;315;4300636.10
2018;carnaúba;30;4165439.13
2018;figo;61;3992794.19
2018;urucum;116;3762703.21
2018;pastagem;56;3748512.33
2018;caju;195;3473612.57
2018;girassol;18;3288362.37
2018;coco-da-baia;3;3210005.00
2018;açaí;81;3196589.65
2018;pupunha;57;2971365.93
2018;noz;21;2682343.96
2018;couve;87;2605654.10
2018;atemoia;32;2410410.71
2018;abobrinha;151;2150067.08
2018;alfafa;70;2105537.51
2018;pimenta;72;2081820.86
2018;nectarina;87;1924261.23
2018;pera;48;1877964.74
2018;rúcula;42;1864094.83
2018;berinjela;95;1827835.74
2018;triticale;23;1596975.09
2018;acerola;53;1385970.24
2018;jiló;94;1359242.16
2018;cebolinha verde;65;1347951.13
2018;painço;80;1335363.10
2018;quiuí (kiwi);21;1169513.08
2018;açafrão;13;1156753.31
2018;vime;61;1081894.99
2018;vagem;72;1066105.01
2018;alcachofra;11;1059246.17
2018;palmeira;19;1038030.32
2018;hortaliças;19;1015908.00
2018;linho;17;912988.42
2018;alho poró;17;708035.80
2018;oliva (azeitona);6;685154.91
2018;salsa;40;682876.48
2018;jabuticaba;7;609629.17
2018;pinha (ata, fruta-do-conde, anona);13;597427.01
2018;lichia (lechia);10;571259.36
2018;guariroba;7;538843.49
2018;graviola;14;497366.50
2018;grão-de-bico;1;472096.43
2018;centeio;6;435215.77
2018;mangostão;1;414526.38
2018;coentro;21;389286.01
2018;nespera;3;346086.67
2018;amora;23;294420.30
2018;bucha vegetal;13;276432.78
2018;tanino;13;261825.00
2018;agrião;8;258346.91
2018;acácia negra;13;247407.00
2018;mirtilo;3;231500.00
2018;acelga;3;211609.44
2018;espinafre;7;192275.83
2018;framboesa;7;142664.61
2018;aipo;2;108839.01
2018;longan;1;98000.00
2018;erva cidreira (melissa);2;87041.84
2018;nabo;5;79518.78
2018;porongo (cuia,cabaça);4;71760.80
2018;maxixe;2;56372.04
2018;lima;3;41681.00
2018;cedro;1;35000.00
2018;pitaya;5;32790.88
2018;guaraná;2;29640.00
2018;hortaliça ora-pro-nóbis;1;25000.00
2018;cravo;2;19664.01
2018;cravo-da-índia;2;18470.70
2018;mamona;1;9826.83
2018;hortelã;1;7269.60
2018;chicoria;1;3398.24
2019;soja;157241;30393033300.61
2019;milho;117190;10669576282.73
2019;café;57638;5826587901.08
2019;cana-de-açucar;8446;2992661381.92
2019;arroz;8156;1961150550.83
2019;algodão;734;1831360414.75
2019;trigo;31608;1823302371.02
2019;laranja;2738;789050079.03
2019;feijão;7676;628322350.00
2019;batata-inglesa;1216;458508734.72
2019;alho;719;323128243.14
2019;fumo;46785;321528024.81
2019;cebola;4855;320905938.65
2019;mandioca (aipim, macaxeira);3697;293285020.41
2019;tomate;3317;277282251.18
2019;uva;4894;273663388.50
2019;maçã;1621;230309975.08
2019;aveia;3445;188464639.16
2019;banana;1981;175957508.04
2019;amendoim;336;168985493.94
2019;flores;355;119668156.85
2019;cevada;1181;115573679.90
2019;sorgo;805;112307279.98
2019;capim;423;107569354.68
2019;manga;479;91714390.68
2019;cenoura;380;81960184.64
2019;seringueira;550;77766260.76
2019;abacaxi;777;69451280.43
2019;limão;658;66943363.65
2019;mamão;145;58979587.60
2019;tangerina;961;56296777.03
2019;morango;1412;53002111.13
2019;melancia;457;48232405.39
2019;pêssego;1156;47610521.28
2019;beterraba;699;40752891.99
2019;plantas ornamentais;289;37568567.09
2019;coco;157;36259370.06
2019;alface;935;34523530.89
2019;canola;620;25638355.19
2019;ameixa;670;24586490.74
2019;goiaba;323;24522768.10
2019;brócolos (brócolis);657;23910357.44
2019;melão;90;23009084.91
2019;erva-mate;806;22886460.97
2019;gergelim;63;22775598.04
2019;grama;104;22520452.44
2019;caqui;348;22374364.80
2019;madeira;69;21671998.84
2019;abacate;127;20894732.40
2019;cacau;416;19898659.38
2019;pimentão;748;19175760.73
2019;mandioquinha (batata: baroa, salsa, aipo);491;17838217.50
2019;dendê;24;17638496.47
2019;pimenta-do-reino;340;17340173.95
2019;inhame;686;16819357.35
2019;batata-doce;300;14505158.64
2019;repolho;523;14410152.02
2019;maracujá;416;12094156.50
2019;abóbora-moranga;510;12022507.49
2019;cogumelo;85;10062958.42
2019;pastagem;103;9224475.27
2019;frutas diversas n. e.;41;7902999.32
2019;cará;158;7741765.00
2019;chuchu;304;7514711.81
2019;couve-flor;355;7251775.69
2019;gengibre;304;7217213.15
2019;azevem;33;6537509.03
2019;eucalipto;21;6464090.47
2019;carnaúba;50;5409754.52
2019;noz;36;5097367.06
2019;pepino;300;4561666.54
2019;girassol;30;4488271.96
2019;rúcula;48;4451343.51
2019;pupunha;62;4298978.42
2019;crisântemo;33;4282329.82
2019;quiabo;239;4190428.93
2019;pera;59;4013403.20
2019;hortaliças;38;3738533.74
2019;atemoia;32;3479981.24
2019;figo;60;3454086.35
2019;caju;182;3150471.11
2019;acácia negra;1;3000000.00
2019;açaí;88;2952602.51
2019;urucum;67;2448278.71
2019;berinjela;86;2106949.56
2019;alfafa;61;2062432.62
2019;acerola;52;2031215.21
2019;couve;85;2019592.25
2019;ervas medicinais, aromáticas ou condimentares;1;2000000.00
2019;abobrinha;128;1937526.66
2019;palmeira;31;1895862.44
2019;nectarina;94;1854211.97
2019;triticale;25;1557596.42
2019;lichia (lechia);13;1542347.18
2019;alcachofra;16;1531406.71
2019;pimenta;50;1523811.99
2019;milheto;3;1258172.53
2019;oliva (azeitona);8;1258172.50
2019;cebolinha verde;46;1123192.65
2019;vime;58;1098212.51
2019;jiló;69;1096715.04
2019;açafrão;11;1076109.13
2019;mirtilo;5;983862.35
2019;salsa;53;961207.77
2019;vagem;57;852206.29
2019;guariroba;10;848541.11
2019;amora;27;802334.70
2019;alho poró;16;659354.10
2019;linho;10;653593.11
2019;painço;33;619462.97
2019;pinha (ata, fruta-do-conde, anona);10;557239.00
2019;graviola;11;545781.95
2019;centeio;5;530017.88
2019;grão-de-bico;1;512734.17
2019;agrião;13;499936.93
2019;coentro;22;454094.70
2019;mangostão;1;452634.66
2019;quiuí (kiwi);14;443759.50
2019;bucha vegetal;17;423311.48
2019;lima;7;418869.01
2019;coco-da-baia;2;400000.00
2019;pitaya;9;361771.86
2019;acelga;1;351403.56
2019;aroeira (pimenta-rosa);4;344328.54
2019;erva cidreira (melissa);5;286536.00
2019;jabuticaba;5;264560.33
2019;porongo (cuia,cabaça);17;239192.50
2019;nespera;5;174835.62
2019;framboesa;7;171644.94
2019;tanino;13;161670.00
2019;aipo;3;132205.84
2019;cravo-da-índia;8;95683.08
2019;ervilhaca - raliça, vicia sativa;1;87300.00
2019;manjericão;1;79482.81
2019;cupuaçu;1;76500.00
2019;erva-doce;2;55328.60
2019;espinafre;7;54179.72
2019;agave (sisal);2;53135.88
2019;maxixe;1;44554.92
2019;guaraná;4;36600.00
2019;castanha-do-brasil;2;32444.98
2019;mamona;3;30695.38
2019;nabo;1;30514.00
2019;ervilha;1;30000.00
2019;chicoria;3;24156.65
2019;rabanete;1;9500.00
2019;almeirão;2;5739.26
2020;soja;159383;33443353238.97
2020;milho;119883;13395854419.59
2020;café;52242;5672521597.65
2020;cana-de-açucar;7862;2886194484.37
2020;trigo;38843;2447899516.20
2020;arroz;7648;2039427666.52
2020;algodão;624;1633026888.77
2020;laranja;2684;848544467.72
2020;feijão;7288;770902807.47
2020;batata-inglesa;1073;482105167.60
2020;alho;807;424467737.53
2020;cebola;5246;382893325.67
2020;mandioca (aipim, macaxeira);4009;328836376.74
2020;uva;4737;317580268.72
2020;tomate;3239;276444739.71
2020;amendoim;416;238210824.72
2020;maçã;1598;233955089.97
2020;aveia;3330;200714229.81
2020;banana;1837;179056984.31
2020;fumo;18001;178806936.72
2020;sorgo;924;142039548.92
2020;flores;286;129732621.81
2020;manga;604;116923009.50
2020;cevada;973;108871181.46
2020;capim;338;100772633.29
2020;cenoura;363;90299916.03
2020;seringueira;527;84374700.27
2020;tangerina;936;69242574.89
2020;limão;691;67945445.99
2020;morango;1451;62473429.53
2020;mamão;139;60833783.00
2020;abacaxi;794;58876552.48
2020;pêssego;1137;47813065.00
2020;plantas ornamentais;317;44686057.27
2020;melancia;453;41162464.82
2020;alface;846;39592950.66
2020;canola;625;29674329.46
2020;brócolos (brócolis);640;28363966.20
2020;ameixa;717;27434142.12
2020;goiaba;305;25335883.43
2020;gergelim;46;23769756.83
2020;beterraba;543;22884744.43
2020;grama;92;22439596.19
2020;cacau;518;22308396.84
2020;caqui;352;22266715.85
2020;pimenta-do-reino;361;21702231.16
2020;abacate;146;21404249.52
2020;pimentão;711;21265947.04
2020;erva-mate;622;21058184.18
2020;coco;164;18953297.01
2020;melão;91;18311557.35
2020;repolho;455;16886422.54
2020;mandioquinha (batata: baroa, salsa, aipo);426;16324774.56
2020;pastagem;104;15815408.66
2020;maracujá;495;15717689.95
2020;abóbora-moranga;528;15209843.27
2020;inhame;532;14658124.46
2020;batata-doce;237;14017804.47
2020;dendê;19;13167863.72
2020;frutas diversas n. e.;52;12406864.47
2020;cogumelo;80;11999035.69
2020;crisântemo;33;10521921.51
2020;cará;135;8432707.19
2020;azevem;42;8181177.97
2020;couve-flor;306;7415435.22
2020;cedro;1;7202110.95
2020;gengibre;257;6973740.91
2020;noz;28;6200327.08
2020;caju;197;5927150.98
2020;hortaliças;62;5448495.57
2020;chuchu;185;5139006.05
2020;rúcula;49;4693952.95
2020;girassol;28;4612183.31
2020;pepino;246;4395851.52
2020;oliva (azeitona);13;4128180.36
2020;quiabo;201;4127437.27
2020;triticale;63;3968491.44
2020;pera;56;3509212.03
2020;atemoia;25;3274977.76
2020;pupunha;36;3261925.59
2020;figo;45;2958162.43
2020;alfafa;63;2903386.70
2020;açaí;54;2556423.41
2020;palmeira;21;2218770.11
2020;berinjela;90;2136997.92
2020;nectarina;105;2131349.33
2020;carnaúba;17;2108303.67
2020;urucum;53;2077373.19
2020;madeira;13;2017722.83
2020;couve;75;1682235.92
2020;acerola;42;1540009.48
2020;alcachofra;16;1493792.65
2020;milheto;5;1425193.00
2020;lichia (lechia);11;1399848.18
2020;abobrinha;98;1221937.17
2020;ervas medicinais, aromáticas ou condimentares;2;1156540.50
2020;jiló;58;1153295.37
2020;linho;19;1027870.41
2020;mirtilo;9;1026774.21
2020;pimenta;23;989929.99
2020;açafrão;11;968128.30
2020;salsa;46;924230.45
2020;alho poró;33;913917.82
2020;cebolinha verde;52;902797.63
2020;pinha (ata, fruta-do-conde, anona);17;860528.83
2020;vime;46;836208.49
2020;guariroba;10;827657.28
2020;ervilha;5;738382.21
2020;vagem;44;727120.11
2020;amora;26;648949.31
2020;quiuí (kiwi);15;571226.44
2020;bucha vegetal;16;538507.32
2020;graviola;14;476053.54
2020;cajá;1;463956.43
2020;pitaya;11;441568.77
2020;centeio;7;436258.79
2020;coentro;20;305079.60
2020;coco-da-baia;1;301000.00
2020;tanino;7;252286.00
2020;agrião;5;219691.12
2020;painço;12;216557.61
2020;aroeira (pimenta-rosa);3;193888.26
2020;erva cidreira (melissa);3;177382.80
2020;jabuticaba;2;131309.10
2020;lima;5;117266.75
2020;trigo sarraceno/mourisco;3;110624.40
2020;manjericão;2;108997.57
2020;ervilhaca - raliça, vicia sativa;1;100000.00
2020;nespera;3;99944.64
2020;rabanete;3;92438.91
2020;porongo (cuia,cabaça);5;77040.00
2020;castanha-do-brasil;4;73507.20
2020;espinafre;3;65740.45
2020;nabo;1;61644.15
2020;mamona;4;58323.09
2020;agave (sisal);14;54979.81
2020;guaraná;4;48800.00
2020;framboesa;4;47629.80
2020;carambola;2;41518.22
2020;maxixe;2;40379.49
2020;aipo;1;37933.21
2020;cravo-da-índia;3;37728.86
2020;camapu (physalis);1;30000.00
2020;acelga;1;27928.86
2020;chicoria;2;22382.09
2020;cravo;1;19999.74
2020;almeirão;1;6000.00
2021;soja;166123;46445703680.92
2021;milho;130288;20545249958.17
2021;café;53928;6991975467.12
2021;trigo;48757;3674417434.93
2021;cana-de-açucar;7265;3207679731.82
2021;arroz;7402;2399266749.01
2021;algodão;567;2124418380.99
2021;laranja;2828;1103972333.05
2021;feijão;8212;952791788.98
2021;batata-inglesa;1120;607553416.66
2021;cebola;5203;452433954.00
2021;alho;878;445692754.95
2021;uva;4920;403006012.72
2021;amendoim;552;373968756.79
2021;sorgo;1448;359678493.51
2021;tomate;3168;312021570.08
2021;mandioca (aipim, macaxeira);2885;307768496.05
2021;maçã;1724;289215938.50
2021;banana;1929;220795715.95
2021;aveia;3117;212981590.18
2021;fumo;18869;192688735.24
2021;capim;371;158803390.23
2021;manga;692;121537260.52
2021;cevada;996;113122845.54
2021;flores;238;112255829.35
2021;seringueira;505;103651696.84
2021;limão;698;91127848.28
2021;cenoura;329;86742891.69
2021;morango;1495;82315002.57
2021;tangerina;884;76580536.06
2021;mamão;174;75960685.24
2021;abacaxi;753;75171905.74
2021;pêssego;1253;58988982.76
2021;canola;840;51850289.20
2021;melancia;454;49746702.03
2021;alface;841;45685957.89
2021;plantas ornamentais;344;43676463.03
2021;beterraba;679;43596221.32
2021;brócolos (brócolis);672;39603389.85
2021;cacau;788;38565677.33
2021;grama;84;33746124.57
2021;ameixa;768;32913584.24
2021;melão;100;30397652.16
2021;goiaba;302;28048560.88
2021;caqui;361;27059425.86
2021;coco;175;26145327.65
2021;erva-mate;572;25502243.97
2021;pimentão;756;24626627.07
2021;abacate;151;23690799.38
2021;pimenta-do-reino;403;23450686.44
2021;maracujá;555;23375826.02
2021;cogumelo;97;21471134.20
2021;dendê;23;18416200.85
2021;batata-doce;236;18247650.76
2021;mandioquinha (batata: baroa, salsa, aipo);386;18080068.70
2021;frutas diversas n. e.;52;17675632.62
2021;repolho;429;17613723.72
2021;inhame;505;16248076.22
2021;açaí;294;15616840.09
2021;pastagem;102;14519235.24
2021;abóbora-moranga;415;12208253.94
2021;gengibre;284;12104738.20
2021;couve-flor;334;9989807.43
2021;caju;200;9753242.80
2021;triticale;145;9631145.98
2021;cará;128;9453178.97
2021;gergelim;17;8792808.76
2021;hortaliças;102;8315221.67
2021;crisântemo;29;8296607.98
2021;cedro;1;8282232.30
2021;azevem;29;7416189.47
2021;milho silagem;91;7129820.78
2021;noz;36;6640143.22
2021;chuchu;182;6579022.12
2021;pupunha;48;5983048.18
2021;pepino;293;5299918.57
2021;carnaúba;35;4493765.63
2021;oliva (azeitona);14;4114387.48
2021;quiabo;178;4010503.23
2021;urucum;41;3781353.60
2021;pera;59;3617386.10
2021;atemoia;23;3581947.88
2021;girassol;20;3523202.47
2021;rúcula;50;3397006.70
2021;alfafa;64;2755789.28
2021;açafrão;18;2531962.92
2021;nectarina;108;2502103.00
2021;painço;18;2310754.58
2021;couve;74;2270554.80
2021;acerola;39;2261643.73
2021;alho poró;47;2132904.48
2021;berinjela;75;2091635.65
2021;milheto;12;2074180.62
2021;madeira;16;1901835.00
2021;figo;46;1625765.81
2021;coco-da-baia;7;1603534.00
2021;lichia (lechia);13;1505982.82
2021;aroeira (pimenta-rosa);4;1492858.99
2021;salsa;58;1431298.19
2021;pitaya;18;1333375.65
2021;alcachofra;16;1285465.33
2021;jiló;58;1238980.17
2021;ervas medicinais, aromáticas ou condimentares;8;1235801.52
2021;abobrinha;87;1230355.63
2021;palmeira;15;1117943.18
2021;pimenta;20;1027484.15
2021;cebolinha verde;46;945452.23
2021;amora;28;921721.09
2021;mirtilo;10;871350.91
2021;vime;43;856570.51
2021;vagem;41;845384.47
2021;graviola;14;830486.76
2021;pinha (ata, fruta-do-conde, anona);18;792099.96
2021;quiuí (kiwi);20;720077.73
2021;guaraná;5;596353.71
2021;ervilha;3;595675.23
2021;agrião;11;566334.34
2021;bucha vegetal;7;459176.57
2021;linho;7;451601.66
2021;coentro;12;408951.73
2021;framboesa;8;378614.14
2021;guariroba;4;289807.35
2021;agave (sisal);3;259260.00
2021;lúpulo;1;246379.22
2021;porongo (cuia,cabaça);9;186020.00
2021;florestamento e reflorestamento;5;176051.00
2021;jabuticaba;2;130140.96
2021;centeio;3;118783.51
2021;lima;3;114199.69
2021;ervilhaca - raliça, vicia sativa;1;108450.00
2021;carambola;3;107521.11
2021;palma;2;107331.20
2021;romã;1;94179.87
2021;castanha-do-brasil;7;85424.33
2021;rabanete;3;73203.42
2021;erva cidreira (melissa);1;61593.94
2021;nespera;1;50098.68
2021;maxixe;1;40000.00
2021;cupuaçu;1;38250.00
2021;tanino;3;36862.00
2021;citronela (cymbopogon nardus);1;31920.50
2021;cravo-da-índia;2;25515.25
2021;cravo;1;19999.74
2021;manjericão;1;19721.14
2021;espinafre;2;15338.08
2021;chicoria;1;6580.12
2022;soja;187250;69642092214.45
2022;milho;145606;26614538529.39
2022;café;60415;10611508046.95
2022;trigo;59815;6253770442.15
2022;cana-de-açucar;7469;4348688022.77
2022;arroz;6777;2776926919.67
2022;algodão;562;2295274039.45
2022;laranja;2934;1359225388.94
2022;feijão;8451;1066952295.67
2022;alho;1071;823893894.25
2022;batata-inglesa;1001;708615129.18
2022;cebola;5268;594099068.64
2022;uva;5417;550649022.51
2022;sorgo;1880;519340492.45
2022;mandioca (aipim, macaxeira);3242;467896822.21
2022;amendoim;608;463508706.11
2022;maçã;1888;395752570.57
2022;tomate;3100;393341854.71
2022;banana;2060;343135065.84
2022;aveia;3311;308332957.82
2022;capim;374;217817050.89
2022;cevada;1013;210004562.42
2022;manga;736;198436508.58
2022;flores;239;169291221.51
2022;limão;693;126701012.89
2022;seringueira;502;120937653.48
2022;fumo;4903;115846208.19
2022;canola;1089;110437666.66
2022;cenoura;382;103001641.42
2022;morango;1532;102581689.81
2022;tangerina;923;96206967.87
2022;abacaxi;785;83567830.48
2022;pêssego;1424;76849848.76
2022;mamão;162;71037384.01
2022;melancia;549;70585707.59
2022;plantas ornamentais;341;67926724.31
2022;beterraba;915;55033245.19
2022;alface;713;54866677.40
2022;milho silagem;946;51087877.09
2022;brócolos (brócolis);613;49244329.13
2022;ameixa;833;44340369.58
2022;erva-mate;781;41663002.35
2022;grama;114;41127403.86
2022;cogumelo;119;39878241.60
2022;pimenta-do-reino;582;37908067.46
2022;cacau;549;36451143.81
2022;goiaba;300;35682208.73
2022;abacate;191;35642483.24
2022;pimentão;731;30529963.60
2022;coco;193;30413382.99
2022;maracujá;561;29871181.78
2022;caqui;386;27838334.67
2022;triticale;240;27104596.70
2022;abóbora-moranga;660;26378052.14
2022;repolho;472;23642321.38
2022;mandioquinha (batata: baroa, salsa, aipo);413;23635144.34
2022;pastagem;163;21793025.99
2022;frutas diversas n. e.;57;21208018.70
2022;melão;103;18266948.61
2022;batata-doce;198;17909529.19
2022;inhame;388;17010605.74
2022;caju;207;16490738.12
2022;gengibre;276;15871139.55
2022;hortaliças;199;13512066.46
2022;gergelim;24;13225411.38
2022;couve-flor;319;12667790.79
2022;pupunha;53;11585978.49
2022;noz;60;10764988.11
2022;açaí;257;10196642.22
2022;dendê;16;10070777.55
2022;madeira;25;9354648.68
2022;cará;112;8887645.68
2022;chuchu;184;7946363.84
2022;girassol;25;6745638.14
2022;carnaúba;32;6190326.61
2022;crisântemo;19;5708045.57
2022;pepino;253;5431974.21
2022;azevem;23;4766840.98
2022;pera;63;4702531.18
2022;urucum;60;4539496.48
2022;atemoia;29;4128398.75
2022;oliva (azeitona);17;4121648.78
2022;quiabo;141;3899750.59
2022;rúcula;44;3898416.51
2022;nectarina;123;3635652.58
2022;alfafa;91;3559281.78
2022;milheto;9;3016166.80
2022;acerola;40;2680377.24
2022;graviola;16;2532809.17
2022;palmeira;21;2523366.84
2022;lichia (lechia);9;2432763.08
2022;aroeira (pimenta-rosa);3;2400276.41
2022;couve;59;2334422.70
2022;alho poró;50;2267043.79
2022;berinjela;60;2037281.56
2022;abobrinha;70;1934280.30
2022;pitaya;30;1900966.74
2022;jiló;59;1843247.30
2022;mamona;9;1782612.47
2022;amora;46;1596389.64
2022;lima;4;1575568.82
2022;porongo (cuia,cabaça);74;1531699.17
2022;painço;18;1421897.19
2022;coco-da-baia;4;1410000.00
2022;salsa;36;1392169.81
2022;ervas medicinais, aromáticas ou condimentares;6;1234452.80
2022;coentro;21;1163145.71
2022;figo;37;1146071.08
2022;centeio;4;1043937.00
2022;linho;6;1019166.61
2022;vagem;35;1011395.17
2022;quiuí (kiwi);22;996996.40
2022;alcachofra;12;962187.34
2022;mirtilo;12;942925.20
2022;cebolinha verde;37;935841.94
2022;palma;4;832194.32
2022;pimenta;15;722090.02
2022;vime;28;635402.41
2022;agrião;7;593886.54
2022;açafrão;5;534760.13
2022;florestamento e reflorestamento;15;525592.00
2022;bucha vegetal;9;514591.14
2022;guariroba;3;412486.94
2022;pinha (ata, fruta-do-conde, anona);12;395198.48
2022;framboesa;11;377728.47
2022;linhaça;4;377520.00
2022;cajá;1;311814.42
2022;ervilhaca - raliça, vicia sativa;1;310000.00
2022;cupuaçu;5;228257.87
2022;agave (sisal);3;200223.88
2022;jaca;2;174292.66
2022;guaraná;5;161000.00
2022;jabuticaba;2;136308.54
2022;espinafre;6;125340.12
2022;aipo;1;119938.31
2022;romã;1;107229.76
2022;rabanete;2;86446.17
2022;citronela (cymbopogon nardus);1;74578.86
2022;acelga;2;44166.79
2022;cravo;1;19999.74
2022;camapu (physalis);1;16775.36
2022;chicoria;1;16330.40
2023;soja;186887;69894947053.48
2023;milho;125502;25023550646.10
2023;café;66398;11509542737.75
2023;trigo;60664;6454373554.90
2023;cana-de-açucar;7339;5825674809.58
2023;algodão;575;3481153952.53
2023;arroz;7414;2962471241.29
2023;feijão;8479;1421892609.94
2023;laranja;2976;1342026529.43
2023;alho;1040;1024770326.64
2023;batata-inglesa;1178;908700322.37
2023;cebola;5957;767522560.31
2023;uva;5645;632394521.87
2023;amendoim;743;602751085.92
2023;mandioca (aipim, macaxeira);3346;566222277.17
2023;tomate;3675;501723954.56
2023;maçã;2076;498874787.46
2023;sorgo;1765;495339728.92
2023;banana;2352;432533399.38
2023;capim;493;321789768.00
2023;aveia;2896;275543171.10
2023;manga;813;208628849.44
2023;cevada;1169;191322086.29
2023;flores;260;174035295.04
2023;limão;747;164045983.59
2023;canola;1292;150527397.29
2023;morango;1858;137720444.58
2023;seringueira;495;133146881.20
2023;cenoura;453;132457271.34
2023;mamão;217;125342178.10
2023;dendê;30;114421742.06
2023;fumo;4120;110809841.75
2023;gergelim;93;109154756.15
2023;tangerina;944;104057995.24
2023;abacaxi;801;98738975.01
2023;plantas ornamentais;437;95420239.91
2023;pêssego;1391;82796328.06
2023;grama;127;76035213.63
2023;melancia;546;74383938.39
2023;brócolos (brócolis);751;69037811.63
2023;beterraba;812;66659900.39
2023;milho silagem;1556;64859273.16
2023;abacate;261;62664955.50
2023;alface;836;60497338.79
2023;erva-mate;998;51874554.36
2023;cogumelo;127;51654168.92
2023;coco;233;49859303.95
2023;cacau;551;47776698.61
2023;pimenta-do-reino;511;47578158.48
2023;goiaba;350;45922235.18
2023;ameixa;814;45539960.96
2023;maracujá;647;40514897.05
2023;abóbora-moranga;910;40188421.44
2023;pimentão;821;38258131.48
2023;caqui;382;31562133.49
2023;batata-doce;249;30279622.72
2023;pastagem;214;28832605.74
2023;repolho;458;28090530.90
2023;mandioquinha (batata: baroa, salsa, aipo);370;23821398.67
2023;triticale;218;23344933.97
2023;inhame;399;23009006.63
2023;milheto;68;22749781.78
2023;girassol;52;21543919.50
2023;caju;237;17265714.17
2023;gengibre;262;16580034.57
2023;azevem;39;14901121.37
2023;hortaliças;166;14835825.88
2023;frutas diversas n. e.;40;14745436.94
2023;couve-flor;356;13731782.26
2023;noz;71;13380921.84
2023;açaí;128;13327351.59
2023;madeira;42;12546409.29
2023;melão;104;11155124.65
2023;cará;111;9481394.06
2023;pepino;323;8586756.91
2023;chuchu;180;8136759.49
2023;pupunha;53;7875287.24
2023;carnaúba;29;6285233.74
2023;rúcula;47;6176430.13
2023;crisântemo;23;5738031.75
2023;atemoia;35;5178656.99
2023;quiabo;156;4962010.11
2023;florestamento e reflorestamento;31;4893705.05
2023;mamona;9;4891737.28
2023;alho poró;66;4641639.80
2023;pitaya;51;4556464.19
2023;acerola;44;4254208.22
2023;palmeira;21;4190080.38
2023;nectarina;122;3708500.61
2023;pera;55;3570202.74
2023;oliva (azeitona);16;3369216.49
2023;amora;105;3145413.44
2023;urucum;53;3017883.98
2023;alfafa;81;2713540.59
2023;porongo (cuia,cabaça);129;2658231.37
2023;salsa;57;2608069.63
2023;figo;40;2251049.29
2023;lichia (lechia);12;2057954.00
2023;couve;55;2045813.51
2023;aroeira (pimenta-rosa);2;2037713.20
2023;berinjela;54;2009800.19
2023;graviola;18;1789727.74
2023;quiuí (kiwi);30;1704633.84
2023;pinha (ata, fruta-do-conde, anona);18;1662728.91
2023;abobrinha;68;1652244.26
2023;painço;15;1530090.97
2023;coco-da-baia;6;1521018.84
2023;lima;4;1517711.19
2023;jiló;46;1473515.09
2023;mirtilo;15;1380264.46
2023;açafrão;11;1281660.45
2023;vagem;29;889006.04
2023;framboesa;18;825655.91
2023;palma;4;779848.50
2023;tanino;1;749999.99
2023;citronela (cymbopogon nardus);7;712769.44
2023;pimenta;11;646582.58
2023;cebolinha verde;28;610275.64
2023;lúpulo;4;577865.25
2023;agrião;11;533532.92
2023;ervilha;1;527916.79
2023;linho;5;458878.77
2023;alcachofra;8;396547.15
2023;vime;17;355097.40
2023;cajá;1;311814.42
2023;bucha vegetal;8;290008.37
2023;guariroba;2;258805.23
2023;jabuticaba;1;256918.20
2023;ervas medicinais, aromáticas ou condimentares;4;245314.00
2023;linhaça;3;232320.00
2023;coentro;11;218359.30
2023;guaraná;8;181614.44
2023;manjericão;1;100000.00
2023;ervilhaca - raliça, vicia sativa;1;94500.00
2023;agave (sisal);2;83335.08
2023;taperebá;1;80116.25
2023;erva cidreira (melissa);3;79311.00
2023;trigo sarraceno/mourisco;1;77826.00
2023;espinafre;2;72512.69
2023;cupuaçu;4;70720.32
2023;nespera;1;63000.00
2023;nabo;1;59740.00
2023;jaca;1;52282.88
2023;castanha-do-brasil;1;39085.65
2023;hortelã;1;25300.00
2023;centeio;1;7686.40
2023;rabanete;1;3000.00
2024;soja;23770;18760881575.60
2024;milho;27297;4813704296.15
2024;trigo;37695;3383278843.10
2024;café;11381;1520410139.82
2024;cana-de-açucar;2005;1296032432.49
2024;feijão;4803;674871692.12
2024;cebola;3296;485454678.69
2024;arroz;679;463631782.75
2024;laranja;649;462967508.82
2024;alho;469;341324203.00
2024;batata-inglesa;338;296605540.56
2024;aveia;2393;219734163.17
2024;canola;1747;176023431.63
2024;algodão;56;174703287.38
2024;banana;810;147717922.34
2024;uva;841;142571911.53
2024;mandioca (aipim, macaxeira);932;140147380.32
2024;tomate;1186;130113058.23
2024;sorgo;521;116824649.27
2024;cevada;710;113869548.13
2024;morango;983;69749569.06
2024;mamão;104;65313729.14
2024;amendoim;95;64919373.46
2024;capim;114;61505373.18
2024;manga;254;59863315.18
2024;cenoura;216;53083161.01
2024;fumo;1381;46951531.09
2024;abacaxi;376;46357338.53
2024;limão;274;41545510.68
2024;pêssego;511;33119875.43
2024;flores;95;28719557.03
2024;maçã;128;27676991.89
2024;brócolos (brócolis);310;26018399.13
2024;plantas ornamentais;161;24276632.61
2024;seringueira;107;22461275.06
2024;cacau;274;21447299.05
2024;alface;347;21413090.19
2024;gergelim;39;21053297.41
2024;grama;52;20967445.81
2024;ameixa;257;17975258.43
2024;tangerina;221;17570165.79
2024;pimentão;314;17529117.95
2024;pimenta-do-reino;156;16982723.97
2024;goiaba;111;16717861.36
2024;maracujá;213;15042593.44
2024;beterraba;189;15032029.81
2024;coco;78;13367718.14
2024;erva-mate;203;13179186.63
2024;pastagem;90;13102309.10
2024;melancia;67;12506934.59
2024;dendê;12;11599714.34
2024;repolho;152;9878045.33
2024;cogumelo;23;9569703.99
2024;abacate;55;9458609.48
2024;abóbora-moranga;196;9439938.84
2024;triticale;100;8260887.31
2024;inhame;136;8083961.92
2024;melão;33;7967449.71
2024;batata-doce;65;7651263.51
2024;caju;113;7287582.01
2024;mandioquinha (batata: baroa, salsa, aipo);90;6769173.83
2024;couve-flor;159;6456459.20
2024;alfafa;39;5823083.23
2024;azevem;19;5551455.61
2024;gengibre;102;4807414.38
2024;milheto;19;4557207.87
2024;milho silagem;79;4403116.15
2024;pepino;142;4250905.13
2024;hortaliças;51;3916483.65
2024;açaí;70;3621132.10
2024;noz;5;3544262.13
2024;girassol;14;3386287.94
2024;alho poró;33;3043112.99
2024;florestamento e reflorestamento;7;2911217.68
2024;cará;45;2857554.49
2024;chuchu;62;2841149.09
2024;quiabo;77;2517718.94
2024;acerola;15;2371362.78
2024;lichia (lechia);5;1714952.00
2024;carnaúba;13;1648709.55
2024;oliva (azeitona);4;1581668.17
2024;crisântemo;12;1569790.15
2024;urucum;15;1449912.82
2024;graviola;7;1382900.46
2024;mamona;3;1369901.31
2024;caqui;31;1230047.06
2024;atemoia;7;1219986.94
2024;linho;6;1087869.65
2024;amora;29;1035839.12
2024;mostarda;1;1018095.00
2024;abobrinha;26;995076.08
2024;madeira;10;949874.30
2024;pupunha;20;948749.63
2024;pinha (ata, fruta-do-conde, anona);9;915094.42
2024;salsa;20;813205.37
2024;nectarina;27;795686.97
2024;pera;11;759147.98
2024;palmeira;6;755238.30
2024;rúcula;11;752563.97
2024;palma;2;706029.29
2024;pimenta;6;690101.23
2024;frutas diversas n. e.;9;685276.14
2024;couve;21;671802.48
2024;mirtilo;9;646562.23
2024;cebolinha verde;21;632927.44
2024;berinjela;19;566900.59
2024;ervilhaca - raliça, vicia sativa;3;548480.01
2024;jiló;20;524564.68
2024;açafrão;4;521607.77
2024;coentro;10;518621.98
2024;guaraná;9;510429.17
2024;vagem;17;455972.39
2024;pitaya;11;444579.61
2024;linhaça;4;430518.00
2024;centeio;5;381518.30
2024;trigo silagem;13;360862.60
2024;agave (sisal);2;302459.94
2024;agrião;5;272579.64
2024;coco-da-baia;2;270000.00
2024;figo;5;233938.62
2024;manjericão;1;200000.00
2024;guariroba;1;185669.83
2024;painço;1;180933.48
2024;citronela (cymbopogon nardus);1;175000.00
2024;aipo;1;150000.00
2024;framboesa;3;105752.11
2024;porongo (cuia,cabaça);2;101495.00
2024;alcachofra;2;95053.57
2024;taperebá;1;87000.04
2024;lúpulo;2;71709.26
2024;rabanete;2;55100.00
2024;erva cidreira (melissa);1;54000.00
2024;ervas medicinais, aromáticas ou condimentares;1;40228.00
2024;vime;1;35152.50
2024;quiuí (kiwi);1;33500.00
2024;aroeira (pimenta-rosa);1;21299.98
